"","Temp","Day","Symbiont","Pot","Replicate","cells.larvae","count.type","cells.larvae_log","cells.larvae_counts","cells.larvae_counts_round","Infect","PotCode"
"199","27","7","C1","1","A",141.205266125,"ddPCR",2.15291567942245,141.205266125,141,1,"271C1"
"207","27","7","C1","1","B",1851.1309625,"ddPCR",3.26767169200045,1851.1309625,1851,1,"271C1"
"215","27","7","C1","2","A",408.67701175,"ddPCR",2.61244159502411,408.67701175,409,1,"272C1"
"223","27","7","C1","2","B",299.2045283125,"ddPCR",2.47741723889426,299.2045283125,299,1,"272C1"
"231","27","7","C1","3","C",1404.40678625,"ddPCR",3.14780204627236,1404.40678625,1404,1,"273C1"
"239","27","7","C1","3","B",668.3068275,"ddPCR",2.8256252551999,668.3068275,668,1,"273C1"
"247","30","7","C1","1","A",0,"ddPCR",0,0,0,0,"301C1"
"255","30","7","C1","1","B",1231.3978675,"ddPCR",3.09075093815692,1231.3978675,1231,1,"301C1"
"259","27","3","C1","1","A",6.2052751875,"ddPCR",0.857650572260413,6.2052751875,6,1,"271C1"
"260","30","3","C1","2","A",0,"ddPCR",0,0,0,0,"302C1"
"261","31","3","C1","3","A",0,"ddPCR",0,0,0,0,"313C1"
"262","31","7","C1","2","C",0,"ddPCR",0,0,0,0,"312C1"
"263","27","14","C1","3","A",17.688803375,"ddPCR",1.27158149483675,17.688803375,18,1,"273C1"
"271","27","3","C1","1","B",12.941900625,"ddPCR",1.14432198284978,12.941900625,13,1,"271C1"
"272","30","3","C1","2","B",0,"ddPCR",0,0,0,0,"302C1"
"273","31","3","C1","3","B",14.27616925,"ddPCR",1.18401446142777,14.27616925,14,1,"313C1"
"274","31","7","C1","3","A",7.037317375,"ddPCR",0.905111117947105,7.037317375,7,1,"313C1"
"275","27","14","C1","3","B",8599.16591875,"ddPCR",3.93450682995316,8599.16591875,8599,1,"273C1"
"283","27","3","C1","2","A",0,"ddPCR",0,0,0,0,"272C1"
"284","30","3","C1","3","A",6.761636125,"ddPCR",0.88995327862445,6.761636125,7,1,"303C1"
"285","30","7","C1","2","A",0,"ddPCR",0,0,0,0,"302C1"
"286","31","7","C1","3","B",0,"ddPCR",0,0,0,0,"313C1"
"287","30","14","C1","1","A",0,"ddPCR",0,0,0,0,"301C1"
"295","27","3","C1","2","B",0,"ddPCR",0,0,0,0,"272C1"
"296","30","3","C1","3","C",0,"ddPCR",0,0,0,0,"303C1"
"297","30","7","C1","2","B",278.640776875,"ddPCR",2.44660049997985,278.640776875,279,1,"302C1"
"299","30","14","C1","1","B",217.6501155,"ddPCR",2.33974971109318,217.6501155,218,1,"301C1"
"307","27","3","C1","3","A",43.3345325,"ddPCR",1.64674213326448,43.3345325,43,1,"273C1"
"308","31","3","C1","1","A",0,"ddPCR",0,0,0,0,"311C1"
"309","30","7","C1","3","A",0,"ddPCR",0,0,0,0,"303C1"
"310","27","14","C1","1","A",177.4445026875,"ddPCR",2.25150317325409,177.4445026875,177,1,"271C1"
"311","30","14","C1","1","E",150.2747535625,"ddPCR",2.17976645410796,150.2747535625,150,1,"301C1"
"319","27","3","C1","3","B",0,"ddPCR",0,0,0,0,"273C1"
"320","31","3","C1","1","B",0,"ddPCR",0,0,0,0,"311C1"
"321","30","7","C1","3","B",265.4702663125,"ddPCR",2.4256487559636,265.4702663125,265,1,"303C1"
"322","27","14","C1","1","B",6452.01969375,"ddPCR",3.80976299051762,6452.01969375,6452,1,"271C1"
"323","30","14","C1","2","A",6.07405,"ddPCR",0.849668125120711,6.07405,6,1,"302C1"
"331","30","3","C1","1","A",0,"ddPCR",0,0,0,0,"301C1"
"332","31","3","C1","2","A",0,"ddPCR",0,0,0,0,"312C1"
"333","31","7","C1","2","A",0,"ddPCR",0,0,0,0,"312C1"
"334","27","14","C1","2","A",28.6441035625,"ddPCR",1.47193832181723,28.6441035625,29,1,"272C1"
"335","30","14","C1","3","A",35.7865393125,"ddPCR",1.56568893357242,35.7865393125,36,1,"303C1"
"343","30","3","C1","1","B",0,"ddPCR",0,0,0,0,"301C1"
"344","31","3","C1","2","B",7.08478225,"ddPCR",0.907668327409157,7.08478225,7,1,"312C1"
"345","31","7","C1","2","B",12.7246538125,"ddPCR",1.13750139871651,12.7246538125,13,1,"312C1"
"346","27","14","C1","2","B",4592.133045,"ddPCR",3.66210902540323,4592.133045,4592,1,"272C1"
"347","31","14","C1","3","A",0,"ddPCR",0,0,0,0,"313C1"
"398","31","7","C1","3","B",0,"ddPCR",0,0,0,0,"313C1"
"3710","27","14","C1","2","B",6536.63825988769,"ddPCR",3.81542088655929,6536.63825988768,6537,1,"272C1"
"1324","27","3","C1","2","C",28.0058719217777,"ddPCR",1.46248592497084,28.0058719217777,28,1,"272C1"
"1423","31","7","C1","2","E",13.5102272033691,"ddPCR",1.16167421274077,13.5102272033691,14,1,"312C1"
"2523","27","3","C1","3","B",0,"ddPCR",0,0,0,0,"273C1"
"2623","30","7","C1","3","C",64.5108073949812,"ddPCR",1.81631295197391,64.5108073949812,65,1,"303C1"
"3715","30","3","C1","2","E",0,"ddPCR",0,0,0,0,"302C1"
"3814","31","7","C1","3","E",0,"ddPCR",0,0,0,0,"313C1"
"4913","31","3","C1","2","D",6.45986478775737,"ddPCR",0.872730955828831,6.45986478775737,6,1,"312C1"
"5012","27","14","C1","3","C",177.561402320862,"ddPCR",2.25178758797557,177.561402320862,178,1,"273C1"
"6118","31","3","C1","1","D",0,"ddPCR",0,0,0,0,"311C1"
"6215","27","14","C1","1","E",382.23659992218,"ddPCR",2.58346697844723,382.23659992218,382,1,"271C1"
"7313","27","7","C1","3","E",0,"ddPCR",0,0,0,0,"273C1"
"8513","27","7","C1","1","D",387.807190418243,"ddPCR",2.58973428796743,387.807190418243,388,1,"271C1"
"8014","27","3","C1","1","D",0,"ddPCR",0,0,0,0,"271C1"
"1","27","3","C1","1","A",0,"scope",0,0,0,0,"271C1"
"2","27","3","C1","1","B",5,"scope",0.731462175360625,4.38842913101977,4,1,"271C1"
"3","27","3","C1","1","C",23,"scope",1.29739856720891,18.8334637705269,19,1,"271C1"
"4","27","3","C1","2","A",22,"scope",1.28002416585654,18.05566748257,18,1,"272C1"
"5","27","3","C1","2","B",1,"scope",0.282968195924142,0.918528238650529,1,1,"272C1"
"6","27","3","C1","2","C",0,"scope",0,0,0,0,"272C1"
"7","27","3","C1","3","A",38,"scope",1.49560073060491,30.304064563119,30,1,"273C1"
"8","27","3","C1","3","B",113,"scope",1.93349056025628,84.8006465051705,85,1,"273C1"
"9","27","3","C1","3","C",0,"scope",0,0,0,0,"273C1"
"10","30","3","C1","1","A",0,"scope",0,0,0,0,"301C1"
"11","30","3","C1","1","B",1,"scope",0.282968195924142,0.918528238650529,1,1,"301C1"
"12","30","3","C1","1","C",0,"scope",0,0,0,0,"301C1"
"13","30","3","C1","2","A",4,"scope",0.657031804075858,3.5397486073424,4,1,"302C1"
"14","30","3","C1","2","B",0,"scope",0,0,0,0,"302C1"
"15","30","3","C1","2","C",0,"scope",0,0,0,0,"302C1"
"16","30","3","C1","3","A",4,"scope",0.657031804075858,3.5397486073424,4,1,"303C1"
"17","30","3","C1","3","B",5,"scope",0.731462175360625,4.38842913101977,4,1,"303C1"
"18","30","3","C1","3","C",1,"scope",0.282968195924142,0.918528238650529,1,1,"303C1"
"19","31","3","C1","1","A",4,"scope",0.657031804075858,3.5397486073424,4,1,"311C1"
"20","31","3","C1","1","B",0,"scope",0,0,0,0,"311C1"
"21","31","3","C1","1","C",2,"scope",0.448493979436483,1.80862643690349,2,1,"311C1"
"22","31","3","C1","2","A",0,"scope",0,0,0,0,"312C1"
"23","31","3","C1","2","B",0,"scope",0,0,0,0,"312C1"
"24","31","3","C1","2","C",0,"scope",0,0,0,0,"312C1"
"25","31","3","C1","3","A",0,"scope",0,0,0,0,"313C1"
"26","31","3","C1","3","B",0,"scope",0,0,0,0,"313C1"
"27","31","3","C1","3","C",0,"scope",0,0,0,0,"313C1"
"136","27","7","C1","1","A",337.037037,"hemo",2.37722642914416,237.356186875941,237,1,"271C1"
"210","27","7","C1","1","B",233.3333333,"hemo",2.22764402602408,167.905591190346,168,1,"271C1"
"3101","27","7","C1","1","C",427.7777778,"hemo",2.47429833300531,297.056318587517,297,1,"271C1"
"410","27","7","C1","2","A",855.5555556,"hemo",2.75679020407905,570.202637464432,570,1,"272C1"
"510","27","7","C1","2","B",246.2962963,"hemo",2.24962455535614,176.67427638156,177,1,"272C1"
"610","27","7","C1","2","C",207.4074074,"hemo",2.17977836192079,150.278901384364,150,1,"272C1"
"710","27","7","C1","3","A",453.7037037,"hemo",2.49826478217938,313.966802945778,314,1,"273C1"
"810","27","7","C1","3","B",440.7407407,"hemo",2.48645740775148,305.519005451796,306,1,"273C1"
"910","27","7","C1","3","C",868.5185185,"hemo",2.76292210564135,578.324780348704,578,1,"273C1"
"491","30","7","C1","1","A",51.85185185,"hemo",1.61967659640402,40.6559071276609,41,1,"301C1"
"501","30","7","C1","1","B",25.92592593,"hemo",1.34436040795982,21.0983785041649,21,1,"301C1"
"511","30","7","C1","1","C",51.85185185,"hemo",1.61967659640402,40.6559071276609,41,1,"301C1"
"521","30","7","C1","2","A",64.81481481,"hemo",1.70922424379767,50.1946105777931,50,1,"302C1"
"531","30","7","C1","2","B",388.8888889,"hemo",2.43548440726115,271.573987327566,272,1,"302C1"
"541","30","7","C1","2","C",12.96296296,"hemo",1.07627893079737,10.9200734312452,11,1,"302C1"
"551","30","7","C1","3","A",64.81481481,"hemo",1.70922424379767,50.1946105777931,50,1,"303C1"
"561","30","7","C1","3","B",168.5185185,"hemo",2.09546411932762,123.584530339598,124,1,"303C1"
"571","30","7","C1","3","C",38.88888889,"hemo",1.50480082280203,30.9742836095641,31,1,"303C1"
"971","31","7","C1","1","A",12.96296296,"hemo",1.07627893079737,10.9200734312452,11,1,"311C1"
"981","31","7","C1","1","B",0,"hemo",0,0,0,0,"311C1"
"991","31","7","C1","1","C",12.96296296,"hemo",1.07627893079737,10.9200734312452,11,1,"311C1"
"1001","31","7","C1","2","A",0,"hemo",0,0,0,0,"312C1"
"1011","31","7","C1","2","B",0,"hemo",0,0,0,0,"312C1"
"1021","31","7","C1","2","C",0,"hemo",0,0,0,0,"312C1"
"1031","31","7","C1","3","A",0,"hemo",0,0,0,0,"313C1"
"1041","31","7","C1","3","B",12.96296296,"hemo",1.07627893079737,10.9200734312452,11,1,"313C1"
"1051","31","7","C1","3","C",0,"hemo",0,0,0,0,"313C1"
"138","27","14","C1","1","A",1672.222222,"hemo",3.0301404063675,1070.86578087109,1071,1,"271C1"
"212","27","14","C1","1","B",453.7037037,"hemo",2.49826478217938,313.966802945778,314,1,"271C1"
"312","27","14","C1","1","C",570.3703704,"hemo",2.59150265246303,389.39356683761,389,1,"271C1"
"412","27","14","C1","2","A",2100,"hemo",3.1230804892616,1326.64049102147,1327,1,"272C1"
"512","27","14","C1","2","B",1257.407407,"hemo",2.91383198993181,819.034246578371,819,1,"272C1"
"612","27","14","C1","2","C",2138.888889,"hemo",3.13056775032295,1349.72752610771,1350,1,"272C1"
"712","27","14","C1","3","A",1309.259259,"hemo",2.93031580310428,850.757179815761,851,1,"273C1"
"812","27","14","C1","3","B",1762.962963,"hemo",3.05170009450498,1125.41932974395,1125,1,"273C1"
"912","27","14","C1","3","C",2346.296296,"hemo",3.16833383864968,1472.4446922218,1472,1,"273C1"
"462","30","14","C1","1","A",466.6666667,"hemo",2.50974023135927,322.400160688536,322,1,"301C1"
"472","30","14","C1","1","B",311.1111111,"hemo",2.34465067596198,220.131532630622,220,1,"301C1"
"482","30","14","C1","1","C",894.4444444,"hemo",2.7749163275326,594.547392542153,595,1,"301C1"
"492","30","14","C1","2","A",116.6666667,"hemo",1.94641424374372,87.3922611655715,87,1,"302C1"
"502","30","14","C1","2","B",894.4444444,"hemo",2.7749163275326,594.547392542153,595,1,"302C1"
"513","30","14","C1","2","C",155.5555556,"hemo",2.06298837476572,114.608129568841,115,1,"302C1"
"522","30","14","C1","3","A",38.88888889,"hemo",1.50480082280203,30.9742836095641,31,1,"303C1"
"532","30","14","C1","3","B",38.88888889,"hemo",1.50480082280203,30.9742836095641,31,1,"303C1"
"542","30","14","C1","3","C",0,"hemo",0,0,0,0,"303C1"
"913","31","14","C1","1","A",350,"hemo",2.39258868947787,245.938433891315,246,1,"311C1"
"922","31","14","C1","1","B",0,"hemo",0,0,0,0,"311C1"
"932","31","14","C1","1","C",0,"hemo",0,0,0,0,"311C1"
"942","31","14","C1","2","A",0,"hemo",0,0,0,0,"312C1"
"952","31","14","C1","2","B",19.44444444,"hemo",1.23194079466725,16.0584982263398,16,1,"312C1"
"962","31","14","C1","2","C",0,"hemo",0,0,0,0,"312C1"
"972","31","14","C1","3","A",0,"hemo",0,0,0,0,"313C1"
"982","31","14","C1","3","B",19.44444444,"hemo",1.23194079466725,16.0584982263398,16,1,"313C1"
"992","31","14","C1","3","C",0,"hemo",0,0,0,0,"313C1"
"911","27","3","D1","1","A",28.83412125,"ddPCR",1.47471325042894,28.83412125,29,1,"271D1"
"109","30","3","D1","2","A",9.221434625,"ddPCR",1.00951185528941,9.221434625,9,1,"302D1"
"214","27","3","D1","1","B",39.75100075,"ddPCR",1.61013827847148,39.75100075,40,1,"271D1"
"224","30","3","D1","2","B",412.507474375,"ddPCR",2.61648336407111,412.507474375,413,1,"302D1"
"33","27","3","D1","2","A",0,"ddPCR",0,0,0,0,"272D1"
"34","30","3","D1","3","A",124.117732,"ddPCR",2.09731886336273,124.117732,124,1,"303D1"
"45","27","3","D1","2","B",66.934019375,"ddPCR",1.83208731075947,66.934019375,67,1,"272D1"
"46","30","3","D1","3","B",225.73855525,"ddPCR",2.35552537503881,225.73855525,226,1,"303D1"
"57","27","3","D1","3","A",47.308612625,"ddPCR",1.6840245651628,47.308612625,47,1,"273D1"
"58","31","3","D1","1","A",165.63422975,"ddPCR",2.22176421834678,165.63422975,166,1,"311D1"
"69","27","3","D1","3","B",47.0753945,"ddPCR",1.68192285668525,47.0753945,47,1,"273D1"
"70","31","3","D1","1","B",20.197613125,"ddPCR",1.32628696163626,20.197613125,20,1,"311D1"
"81","30","3","D1","1","A",9.5551685,"ddPCR",1.02346517066462,9.5551685,10,1,"301D1"
"82","31","3","D1","2","A",0,"ddPCR",0,0,0,0,"312D1"
"93","30","3","D1","1","B",0,"ddPCR",0,0,0,0,"301D1"
"94","31","3","D1","2","B",59.562102,"ddPCR",1.78220094032224,59.562102,60,1,"312D1"
"113","27","7","D1","1","A",0,"ddPCR",0,0,0,0,"271D1"
"114","30","7","D1","1","B",1875.882745,"ddPCR",3.27343714167296,1875.882745,1876,1,"301D1"
"125","27","7","D1","1","B",558.77017975,"ddPCR",2.74800975887652,558.77017975,559,1,"271D1"
"126","30","7","D1","2","A",206.5117955,"ddPCR",2.31704278815637,206.5117955,207,1,"302D1"
"137","27","7","D1","2","A",370.262205625,"ddPCR",2.56968074043557,370.262205625,370,1,"272D1"
"1381","30","7","D1","2","B",286.9983315,"ddPCR",2.45938997170908,286.9983315,287,1,"302D1"
"149","27","7","D1","2","B",0,"ddPCR",0,0,0,0,"272D1"
"150","30","7","D1","3","A",0,"ddPCR",0,0,0,0,"303D1"
"161","27","7","D1","3","A",36.80841625,"ddPCR",1.57758848565951,36.80841625,37,1,"273D1"
"162","30","7","D1","3","B",153.21289,"ddPCR",2.18812067606193,153.21289,153,1,"303D1"
"173","27","7","D1","3","B",3088.23227875,"ddPCR",3.48985056404338,3088.23227875,3088,1,"273D1"
"174","31","7","D1","3","A",151.802673875,"ddPCR",2.18413095397133,151.802673875,152,1,"313D1"
"185","30","7","D1","1","A",160.87000075,"ddPCR",2.20916636872901,160.87000075,161,1,"301D1"
"186","31","7","D1","3","B",736.5970015,"ddPCR",2.86781914254306,736.5970015,737,1,"313D1"
"193","31","7","D1","3","C",117.028117125,"ddPCR",2.07198547898095,117.028117125,117,1,"313D1"
"194","27","14","D1","3","A",648.257196,"ddPCR",2.81241677180272,648.257196,648,1,"273D1"
"201","31","7","D1","3","D",65.548837125,"ddPCR",1.82314047101117,65.548837125,66,1,"313D1"
"202","27","14","D1","3","B",239.750713125,"ddPCR",2.38156758221731,239.750713125,240,1,"273D1"
"209","31","7","D1","3","E",142.229497375,"ddPCR",2.15603246788783,142.229497375,142,1,"313D1"
"2101","30","14","D1","1","A",928.52598425,"ddPCR",2.96826153467667,928.52598425,929,1,"301D1"
"217","27","14","D1","1","A",409.400075625,"ddPCR",2.61320743213182,409.400075625,409,1,"271D1"
"218","30","14","D1","2","A",83.7226435,"ddPCR",1.92799949808564,83.7226435,84,1,"302D1"
"225","27","14","D1","1","B",90.765044125,"ddPCR",1.96267727777295,90.765044125,91,1,"271D1"
"226","30","14","D1","3","A",50.457652625,"ddPCR",1.71144997085098,50.457652625,50,1,"303D1"
"233","27","14","D1","1","C",235.52225525,"ddPCR",2.3738720113636,235.52225525,236,1,"271D1"
"241","27","14","D1","2","A",1307.41536625,"ddPCR",3.11674563591029,1307.41536625,1307,1,"272D1"
"249","27","14","D1","2","B",27.319118375,"ddPCR",1.45207972886122,27.319118375,27,1,"272D1"
"3116","30","14","D1","1","A",850.921332875,"ddPCR",2.93039949350421,850.921332875,851,1,"301D1"
"1125","30","7","D1","1","E",27.212956875,"ddPCR",1.45044860502104,27.212956875,27,1,"301D1"
"31011","30","3","D1","1","C",94.6455001831055,"ddPCR",1.98066454266842,94.6455001831055,95,1,"301D1"
"1524","30","3","D1","3","E",87.160736322403,"ddPCR",1.94527520876975,87.160736322403,87,1,"303D1"
"2722","27","3","D1","1","D",0,"ddPCR",0,0,0,0,"271D1"
"3914","31","3","D1","1","C",286.132037639617,"ddPCR",2.45808165294177,286.132037639618,286,1,"311D1"
"5117","27","7","D1","3","D",1252.46024131775,"ddPCR",3.09811056306476,1252.46024131775,1252,1,"273D1"
"6313","27","7","D1","1","D",476.162254810334,"ddPCR",2.67866608215688,476.162254810334,476,1,"271D1"
"7412","27","3","D1","1","C",37.9131585359574,"ddPCR",1.59009648341399,37.9131585359574,38,1,"271D1"
"7512","30","7","D1","3","E",79.9450054764747,"ddPCR",1.90819005678396,79.9450054764747,80,1,"303D1"
"8612","27","3","D1","2","C",0,"ddPCR",0,0,0,0,"272D1"
"2127","27","3","D1","2","C",13.9042995870114,"ddPCR",1.17331157160358,13.9042995870114,14,1,"272D1"
"1424","30","7","D1","3","E",120.129749178886,"ddPCR",2.08325081793705,120.129749178886,120,1,"303D1"
"2624","27","7","D1","3","D",1210.67893505096,"ddPCR",3.0833875577777,1210.67893505096,1211,1,"273D1"
"28","27","3","D1","1","A",185,"scope",2.13334216756484,134.938404260264,135,1,"271D1"
"29","27","3","D1","1","B",53,"scope",1.62845013423359,41.5059898552608,42,1,"271D1"
"30","27","3","D1","1","C",93,"scope",1.85474018238372,70.5715103993939,71,1,"271D1"
"31","27","3","D1","2","A",66,"scope",1.71651031453878,51.0607373133574,51,1,"272D1"
"32","27","3","D1","2","B",49,"scope",1.59703180407586,38.5395574454905,39,1,"272D1"
"3311","27","3","D1","2","C",250,"scope",2.25569329819218,179.174488659278,179,1,"272D1"
"341","27","3","D1","3","A",143,"scope",2.02886074256953,105.871213950132,106,1,"273D1"
"35","27","3","D1","3","B",0,"scope",0,0,0,0,"273D1"
"36","27","3","D1","3","C",2346,"scope",3.16828230422268,1472.26986010655,1472,1,"273D1"
"37","30","3","D1","1","A",2856,"scope",3.24855562595978,1771.37504260649,1771,1,"301D1"
"38","30","3","D1","1","B",336,"scope",2.37597210681906,236.668763557826,237,1,"301D1"
"39","30","3","D1","1","C",406,"scope",2.45301874467171,282.80415190804,283,1,"301D1"
"40","30","3","D1","2","A",69,"scope",1.7343921576134,53.2490525377649,53,1,"302D1"
"41","30","3","D1","2","B",178,"scope",2.1176818491211,130.123897344857,130,1,"302D1"
"42","30","3","D1","2","C",249,"scope",2.25406360815172,178.4996508481,178,1,"302D1"
"43","30","3","D1","3","A",58,"scope",1.66460089094362,45.1956296490088,45,1,"303D1"
"44","30","3","D1","3","B",488,"scope",2.5279503275762,336.248733634871,336,1,"303D1"
"451","30","3","D1","3","C",524,"scope",2.5569497452016,359.536920735556,360,1,"303D1"
"461","31","3","D1","1","A",48,"scope",1.5887843152268,37.795764574664,38,1,"311D1"
"47","31","3","D1","1","B",134,"scope",2.00251374238531,99.580488919392,100,1,"311D1"
"48","31","3","D1","1","C",5,"scope",0.731462175360625,4.38842913101977,4,1,"311D1"
"49","31","3","D1","2","A",45,"scope",1.56299236178068,35.5588361716452,36,1,"312D1"
"50","31","3","D1","2","B",93,"scope",1.85474018238372,70.5715103993939,71,1,"312D1"
"51","31","3","D1","2","C",12,"scope",1.04710675116843,10.1456846491952,10,1,"312D1"
"52","31","3","D1","3","A",170,"scope",2.09901634376862,124.607723265693,125,1,"313D1"
"53","31","3","D1","3","B",344,"scope",2.38554994936888,241.968487050072,242,1,"313D1"
"54","31","3","D1","3","C",544,"scope",2.57221271214004,372.433015947579,372,1,"313D1"
"1010","27","7","D1","1","A",1581.481481,"hemo",3.00737831820198,1016.13434281261,1016,1,"271D1"
"1110","27","7","D1","1","B",972.2222222,"hemo",2.80891929587964,643.049571883166,643,1,"271D1"
"1210","27","7","D1","1","C",466.6666667,"hemo",2.50974023135927,322.400160688536,322,1,"271D1"
"1371","27","7","D1","2","A",868.5185185,"hemo",2.76292210564135,578.324780348704,578,1,"272D1"
"141","27","7","D1","2","B",1270.37037,"hemo",2.9180157605916,826.972210364149,827,1,"272D1"
"151","27","7","D1","2","C",700,"hemo",2.67497493688866,472.123954215497,472,1,"272D1"
"1611","27","7","D1","3","A",777.7777778,"hemo",2.71792873752322,521.31047712909,521,1,"273D1"
"171","27","7","D1","3","B",1827.777778,"hemo",3.06643127969641,1164.28264850965,1164,1,"273D1"
"181","27","7","D1","3","C",2294.444444,"hemo",3.15921477895405,1441.82872146587,1442,1,"273D1"
"581","30","7","D1","1","A",6688.888889,"hemo",3.5958937704361,3942.60828588866,3943,1,"301D1"
"591","30","7","D1","1","B",1322.222222,"hemo",2.93433481860272,858.676031887464,859,1,"301D1"
"601","30","7","D1","1","C",3111.111111,"hemo",3.2834717884655,1919.75418654698,1920,1,"301D1"
"611","30","7","D1","2","A",2255.555556,"hemo",3.15223926842689,1418.83954684347,1419,1,"302D1"
"621","30","7","D1","2","B",1970.37037,"hemo",3.09708213126933,1249.49549435823,1249,1,"302D1"
"631","30","7","D1","2","C",1322.222222,"hemo",2.93433481860272,858.676031887464,859,1,"302D1"
"641","30","7","D1","3","A",1088.888889,"hemo",2.85513929163062,715.373136323017,715,1,"303D1"
"651","30","7","D1","3","B",2022.222222,"hemo",3.10768097123746,1280.38894021734,1280,1,"303D1"
"661","30","7","D1","3","C",175,"hemo",2.1107819077453,128.057101709947,128,1,"303D1"
"1061","31","7","D1","1","A",0,"hemo",0,0,0,0,"311D1"
"1071","31","7","D1","1","B",12.96296296,"hemo",1.07627893079737,10.9200734312452,11,1,"311D1"
"1081","31","7","D1","1","C",90.74074074,"hemo",1.84480850787794,68.9533484856945,69,1,"311D1"
"1091","31","7","D1","2","A",51.85185185,"hemo",1.61967659640402,40.6559071276609,41,1,"312D1"
"1101","31","7","D1","2","B",103.7037037,"hemo",1.89876432165626,78.2071380897239,78,1,"312D1"
"1141","31","7","D1","3","C",116.6666667,"hemo",1.94641424374372,87.3922611655715,87,1,"313D1"
"1012","27","14","D1","1","A",1827.777778,"hemo",3.06643127969641,1164.28264850965,1164,1,"271D1"
"1111","27","14","D1","1","B",836.1111111,"hemo",2.74741612003683,558.005550390679,558,1,"271D1"
"1212","27","14","D1","1","C",758.3333333,"hemo",2.70760651710409,509.042677697684,509,1,"271D1"
"139","27","14","D1","2","A",1050,"hemo",2.84030655306655,691.31948224713,691,1,"272D1"
"142","27","14","D1","2","B",725.9259259,"hemo",2.68980074880009,488.554163890735,489,1,"272D1"
"152","27","14","D1","2","C",1490.740741,"hemo",2.98327174987138,961.214173636342,961,1,"272D1"
"1621","27","14","D1","3","A",1931.481481,"hemo",3.08894842031398,1226.29346101089,1226,1,"273D1"
"172","27","14","D1","3","B",2398.148148,"hemo",3.17725364259373,1503.02010799412,1503,1,"273D1"
"182","27","14","D1","3","C",3292.592593,"hemo",3.30660968466242,2024.86119021459,2025,1,"273D1"
"552","30","14","D1","1","A",0,"hemo",0,0,0,0,"301D1"
"562","30","14","D1","1","B",1750,"hemo",3.04868897731844,1117.63647809738,1118,1,"301D1"
"572","30","14","D1","1","C",1050,"hemo",2.84030655306655,691.31948224713,691,1,"301D1"
"582","30","14","D1","2","A",1166.666667,"hemo",2.88327974975869,763.327965084657,763,1,"302D1"
"592","30","14","D1","2","B",1400,"hemo",2.95765184716863,906.093066095945,906,1,"302D1"
"602","30","14","D1","2","C",2488.888889,"hemo",3.1924091691565,1556.43227043227,1556,1,"302D1"
"197","27","7","F1","1","A",0,"ddPCR",0,0,0,0,"271F1"
"205","27","7","F1","1","B",39.311784,"ddPCR",1.60543201830218,39.311784,39,1,"271F1"
"213","27","7","F1","2","A",0,"ddPCR",0,0,0,0,"272F1"
"221","27","7","F1","2","B",8.73867670833333,"ddPCR",0.988499948941036,8.73867670833333,9,1,"272F1"
"229","27","7","F1","3","A",60.386334875,"ddPCR",1.78807170422115,60.386334875,60,1,"273F1"
"237","27","7","F1","3","B",1093.47279875,"ddPCR",3.03920497239132,1093.47279875,1093,1,"273F1"
"245","30","7","F1","3","A",0,"ddPCR",0,0,0,0,"303F1"
"264","27","3","F1","1","A",0,"ddPCR",0,0,0,0,"271F1"
"265","30","3","F1","2","A",4.16780233333333,"ddPCR",0.713305893689746,4.16780233333333,4,1,"302F1"
"266","31","3","F1","3","A",0,"ddPCR",0,0,0,0,"313F1"
"267","31","7","F1","3","A",4.19060545833333,"ddPCR",0.715218019096406,4.19060545833333,4,1,"313F1"
"268","27","14","F1","3","A",0,"ddPCR",0,0,0,0,"273F1"
"276","27","3","F1","1","B",4.22746841666667,"ddPCR",0.718291417576018,4.22746841666667,4,1,"271F1"
"277","30","3","F1","2","B",32.8329602916667,"ddPCR",1.52933999903212,32.8329602916667,33,1,"302F1"
"278","31","3","F1","3","B",18.3748888333333,"ddPCR",1.28723921934824,18.3748888333333,18,1,"313F1"
"279","31","7","F1","3","B",4.23002179166667,"ddPCR",0.718503498423846,4.23002179166667,4,1,"313F1"
"280","27","14","F1","3","B",8.65841345833333,"ddPCR",0.984905792784067,8.65841345833334,9,1,"273F1"
"288","27","3","F1","2","A",28.3479094583333,"ddPCR",1.46757717055652,28.3479094583333,28,1,"272F1"
"289","30","3","F1","3","A",0,"ddPCR",0,0,0,0,"303F1"
"290","30","7","F1","2","A",4.76080270833333,"ddPCR",0.760483002088297,4.76080270833333,5,1,"302F1"
"292","30","14","F1","1","A",30.946721625,"ddPCR",1.50442629744829,30.946721625,31,1,"301F1"
"300","27","3","F1","2","B",0,"ddPCR",0,0,0,0,"272F1"
"301","30","3","F1","3","B",11.721103125,"ddPCR",1.10452477328784,11.721103125,12,1,"303F1"
"302","30","7","F1","2","B",55.0679067916667,"ddPCR",1.74871434269029,55.0679067916667,55,1,"302F1"
"303","31","7","F1","3","D",0,"ddPCR",0,0,0,0,"313F1"
"304","30","14","F1","1","B",84.28246775,"ddPCR",1.93085975869354,84.28246775,84,1,"301F1"
"3121","27","3","F1","3","A",0,"ddPCR",0,0,0,0,"273F1"
"313","31","3","F1","1","A",0,"ddPCR",0,0,0,0,"311F1"
"314","30","7","F1","3","A",0,"ddPCR",0,0,0,0,"303F1"
"315","27","14","F1","1","A",4.57806295833333,"ddPCR",0.746483411741155,4.57806295833333,5,1,"271F1"
"316","30","14","F1","1","C",367.812991125,"ddPCR",2.56680621030603,367.812991125,368,1,"301F1"
"324","27","3","F1","3","B",0,"ddPCR",0,0,0,0,"273F1"
"325","31","3","F1","1","B",0,"ddPCR",0,0,0,0,"311F1"
"326","30","7","F1","3","B",1039.35178125,"ddPCR",3.01718021509022,1039.35178125,1039,1,"303F1"
"327","27","14","F1","1","B",0,"ddPCR",0,0,0,0,"271F1"
"328","30","14","F1","2","A",0,"ddPCR",0,0,0,0,"302F1"
"336","30","3","F1","3","C",0,"ddPCR",0,0,0,0,"303F1"
"337","31","3","F1","2","A",0,"ddPCR",0,0,0,0,"312F1"
"338","31","7","F1","1","A",0,"ddPCR",0,0,0,0,"311F1"
"339","27","14","F1","2","A",0,"ddPCR",0,0,0,0,"272F1"
"348","30","3","F1","1","C",0,"ddPCR",0,0,0,0,"301F1"
"349","31","3","F1","2","B",0,"ddPCR",0,0,0,0,"312F1"
"350","31","7","F1","2","A",66.2576407083333,"ddPCR",1.82774162888223,66.2576407083333,66,1,"312F1"
"351","27","14","F1","2","B",0,"ddPCR",0,0,0,0,"272F1"
"1107","30","14","F1","2","B",382.675528541667,"ddPCR",2.58396410006295,382.675528541667,383,1,"302F1"
"1317","30","14","F1","3","A",4.31833758333333,"ddPCR",0.725775900864234,4.31833758333333,4,1,"303F1"
"2516","30","7","F1","1","D",137.865781791667,"ddPCR",2.14259524350689,137.865781791667,138,1,"301F1"
"378","31","7","F1","3","E",0,"ddPCR",0,0,0,0,"313F1"
"506","30","14","F1","1","A",21.2399189583333,"ddPCR",1.34713320035549,21.2399189583333,21,1,"301F1"
"628","31","7","F1","3","D",0,"ddPCR",0,0,0,0,"313F1"
"1323","31","3","F1","3","B",0,"ddPCR",0,0,0,0,"313F1"
"2522","27","7","F1","2","D",70.148865375,"ddPCR",1.8521679786957,70.148865375,70,1,"272F1"
"2821","31","3","F1","3","C",46.9189236666667,"ddPCR",1.68050705456329,46.9189236666667,47,1,"313F1"
"470","27","14","F1","3","C",0,"ddPCR",0,0,0,0,"273F1"
"560","27","7","F1","2","C",0,"ddPCR",0,0,0,0,"272F1"
"880","30","7","F1","2","D",23.7832268079122,"ddPCR",1.39415785142001,23.7832268079122,24,1,"302F1"
"1623","27","14","F1","2","D",0,"ddPCR",0,0,0,0,"272F1"
"1724","27","7","F1","1","C",51.4525820811588,"ddPCR",1.71976687205288,51.4525820811588,51,1,"271F1"
"2822","27","3","F1","3","C",134.218662977219,"ddPCR",2.13103663737967,134.218662977219,134,1,"273F1"
"2924","30","7","F1","1","B",25.951012969017,"ddPCR",1.43057509303247,25.951012969017,26,1,"301F1"
"4014","27","3","F1","3","D",62.8243386745454,"ddPCR",1.80498632349221,62.8243386745454,63,1,"273F1"
"4118","30","7","F1","2","E",632.616440455121,"ddPCR",2.80182643737296,632.616440455121,633,1,"302F1"
"5214","30","3","F1","1","E",0,"ddPCR",0,0,0,0,"301F1"
"5312","27","14","F1","1","D",16.3371463616689,"ddPCR",1.23897761555259,16.3371463616689,16,1,"271F1"
"6411","30","3","F1","2","C",0,"ddPCR",0,0,0,0,"302F1"
"6512","30","14","F1","2","E",0,"ddPCR",0,0,0,0,"302F1"
"7610","31","3","F1","3","E",20.3084858755271,"ddPCR",1.3285525909969,20.3084858755271,20,1,"313F1"
"8711","30","7","F1","1","A",4.41598209242025,"ddPCR",0.733677219714029,4.41598209242025,4,1,"301F1"
"8810","31","3","F1","2","E",4.1663854693373,"ddPCR",0.713186806204462,4.1663854693373,4,1,"312F1"
"8912","30","14","F1","1","D",0,"ddPCR",0,0,0,0,"301F1"
"9118","30","7","F1","2","E",53.8085748751958,"ddPCR",1.73884850975538,53.8085748751958,54,1,"302F1"
"3815","27","14","F1","1","D",20.5904183288415,"ddPCR",1.33426105716274,20.5904183288415,21,1,"271F1"
"55","27","3","F1","1","A",3,"scope",0.565936391848285,2.6807506024995,3,1,"271F1"
"56","27","3","F1","1","B",5,"scope",0.731462175360625,4.38842913101977,4,1,"271F1"
"573","27","3","F1","1","C",0,"scope",0,0,0,0,"271F1"
"583","27","3","F1","2","A",35,"scope",1.46292435072125,28.0351685000225,28,1,"272F1"
"59","27","3","F1","2","B",34,"scope",1.45142396168926,27.2763899143455,27,1,"272F1"
"60","27","3","F1","2","C",2,"scope",0.448493979436483,1.80862643690349,2,1,"272F1"
"61","27","3","F1","3","A",0,"scope",0,0,0,0,"273F1"
"62","27","3","F1","3","B",0,"scope",0,0,0,0,"273F1"
"63","27","3","F1","3","C",2,"scope",0.448493979436483,1.80862643690349,2,1,"273F1"
"64","30","3","F1","1","A",0,"scope",0,0,0,0,"301F1"
"65","30","3","F1","1","B",3,"scope",0.565936391848285,2.6807506024995,3,1,"301F1"
"66","30","3","F1","1","C",0,"scope",0,0,0,0,"301F1"
"67","30","3","F1","2","A",4,"scope",0.657031804075858,3.5397486073424,4,1,"302F1"
"68","30","3","F1","2","B",0,"scope",0,0,0,0,"302F1"
"693","30","3","F1","2","C",1,"scope",0.282968195924142,0.918528238650529,1,1,"302F1"
"703","30","3","F1","3","A",4,"scope",0.657031804075858,3.5397486073424,4,1,"303F1"
"71","30","3","F1","3","B",1,"scope",0.282968195924142,0.918528238650529,1,1,"303F1"
"72","30","3","F1","3","C",0,"scope",0,0,0,0,"303F1"
"73","31","3","F1","1","A",20,"scope",1.24288613704988,16.4938797547457,16,1,"311F1"
"74","31","3","F1","1","B",4,"scope",0.657031804075858,3.5397486073424,4,1,"311F1"
"75","31","3","F1","1","C",10,"scope",0.978909124048732,8.52596812655077,9,1,"311F1"
"76","31","3","F1","2","A",3,"scope",0.565936391848285,2.6807506024995,3,1,"312F1"
"77","31","3","F1","2","B",1,"scope",0.282968195924142,0.918528238650529,1,1,"312F1"
"78","31","3","F1","2","C",20,"scope",1.24288613704988,16.4938797547457,16,1,"312F1"
"79","31","3","F1","3","A",0,"scope",0,0,0,0,"313F1"
"80","31","3","F1","3","B",0,"scope",0,0,0,0,"313F1"
"813","31","3","F1","3","C",2,"scope",0.448493979436483,1.80862643690349,2,1,"313F1"
"191","27","7","F1","1","A",38.88888889,"hemo",1.50480082280203,30.9742836095641,31,1,"271F1"
"2011","27","7","F1","1","B",90.74074074,"hemo",1.84480850787794,68.9533484856945,69,1,"271F1"
"211","27","7","F1","1","C",0,"hemo",0,0,0,0,"271F1"
"2211","27","7","F1","2","A",0,"hemo",0,0,0,0,"272F1"
"2311","27","7","F1","2","B",0,"hemo",0,0,0,0,"272F1"
"2411","27","7","F1","2","C",25.92592593,"hemo",1.34436040795982,21.0983785041649,21,1,"272F1"
"251","27","7","F1","3","A",0,"hemo",0,0,0,0,"273F1"
"2611","27","7","F1","3","B",0,"hemo",0,0,0,0,"273F1"
"2711","27","7","F1","3","C",0,"hemo",0,0,0,0,"273F1"
"671","30","7","F1","1","A",0,"hemo",0,0,0,0,"301F1"
"681","30","7","F1","1","B",0,"hemo",0,0,0,0,"301F1"
"691","30","7","F1","1","C",0,"hemo",0,0,0,0,"301F1"
"701","30","7","F1","2","A",25.92592593,"hemo",1.34436040795982,21.0983785041649,21,1,"302F1"
"711","30","7","F1","2","B",12.96296296,"hemo",1.07627893079737,10.9200734312452,11,1,"302F1"
"721","30","7","F1","2","C",25.92592593,"hemo",1.34436040795982,21.0983785041649,21,1,"302F1"
"731","30","7","F1","3","A",51.85185185,"hemo",1.61967659640402,40.6559071276609,41,1,"303F1"
"741","30","7","F1","3","B",116.6666667,"hemo",1.94641424374372,87.3922611655715,87,1,"303F1"
"751","30","7","F1","3","C",51.85185185,"hemo",1.61967659640402,40.6559071276609,41,1,"303F1"
"1151","31","7","F1","1","A",816.6666667,"hemo",2.73782171589416,545.791451091325,546,1,"311F1"
"1161","31","7","F1","1","B",505.5555556,"hemo",2.5423494578327,347.617719684158,348,1,"311F1"
"1171","31","7","F1","1","C",12.96296296,"hemo",1.07627893079737,10.9200734312452,11,1,"311F1"
"1181","31","7","F1","2","A",25.92592593,"hemo",1.34436040795982,21.0983785041649,21,1,"312F1"
"1191","31","7","F1","2","B",0,"hemo",0,0,0,0,"312F1"
"1201","31","7","F1","2","C",25.92592593,"hemo",1.34436040795982,21.0983785041649,21,1,"312F1"
"1211","31","7","F1","3","A",0,"hemo",0,0,0,0,"313F1"
"1221","31","7","F1","3","B",479.6296296,"hemo",2.52090190802168,330.819502633971,331,1,"313F1"
"1231","31","7","F1","3","C",25.92592593,"hemo",1.34436040795982,21.0983785041649,21,1,"313F1"
"192","27","14","F1","1","A",38.88888889,"hemo",1.50480082280203,30.9742836095641,31,1,"271F1"
"2021","27","14","F1","1","B",0,"hemo",0,0,0,0,"271F1"
"2131","27","14","F1","1","C",12.96296296,"hemo",1.07627893079737,10.9200734312452,11,1,"271F1"
"222","27","14","F1","2","A",12.96296296,"hemo",1.07627893079737,10.9200734312452,11,1,"272F1"
"232","27","14","F1","2","B",38.88888889,"hemo",1.50480082280203,30.9742836095641,31,1,"272F1"
"242","27","14","F1","2","C",0,"hemo",0,0,0,0,"272F1"
"252","27","14","F1","3","A",0,"hemo",0,0,0,0,"273F1"
"2621","27","14","F1","3","B",12.96296296,"hemo",1.07627893079737,10.9200734312452,11,1,"273F1"
"2724","27","14","F1","3","C",0,"hemo",0,0,0,0,"273F1"
"613","30","14","F1","1","A",0,"hemo",0,0,0,0,"301F1"
"622","30","14","F1","1","B",0,"hemo",0,0,0,0,"301F1"
"632","30","14","F1","1","C",19.44444444,"hemo",1.23194079466725,16.0584982263398,16,1,"301F1"
"642","30","14","F1","2","A",181.4814815,"hemo",2.12554567027039,132.519799117852,133,1,"302F1"
"652","30","14","F1","2","B",181.4814815,"hemo",2.12554567027039,132.519799117852,133,1,"302F1"
"662","30","14","F1","2","C",12.96296296,"hemo",1.07627893079737,10.9200734312452,11,1,"302F1"
"672","30","14","F1","3","A",0,"hemo",0,0,0,0,"303F1"
"682","30","14","F1","3","B",19.44444444,"hemo",1.23194079466725,16.0584982263398,16,1,"303F1"
"692","30","14","F1","3","C",38.88888889,"hemo",1.50480082280203,30.9742836095641,31,1,"303F1"
"1002","31","14","F1","3","A",233.3333333,"hemo",2.22764402602408,167.905591190346,168,1,"313F1"
"1013","31","14","F1","3","B",77.77777778,"hemo",1.78261950221063,59.6204983373065,60,1,"313F1"
"1022","31","14","F1","3","C",77.77777778,"hemo",1.78261950221063,59.6204983373065,60,1,"313F1"
"111","27","3","G3","1","A",11.5409516973684,"ddPCR",1.09833049512567,11.5409516973684,12,1,"271G3"
"121","30","3","G3","2","A",0,"ddPCR",0,0,0,0,"302G3"
"234","27","3","G3","1","B",7.108637375,"ddPCR",0.90894787884262,7.108637375,7,1,"271G3"
"244","30","3","G3","2","B",9.748647875,"ddPCR",1.03135383566005,9.748647875,10,1,"302G3"
"353","27","3","G3","2","A",670.606813815789,"ddPCR",2.82711509364169,670.60681381579,671,1,"272G3"
"363","30","3","G3","3","A",45.9232455789474,"ddPCR",1.67138804368814,45.9232455789474,46,1,"303G3"
"471","27","3","G3","2","B",51.3979918092105,"ddPCR",1.71931464265374,51.3979918092105,51,1,"272G3"
"481","30","3","G3","3","B",6.76545265789474,"ddPCR",0.890166776368005,6.76545265789474,7,1,"303G3"
"593","27","3","G3","3","A",16.6764149539474,"ddPCR",1.2473941880755,16.6764149539474,17,1,"273G3"
"603","31","3","G3","1","A",2.88893498026316,"ddPCR",0.589830682168036,2.88893498026316,3,1,"311G3"
"714","27","3","G3","3","B",10.1570824276316,"ddPCR",1.04755064162334,10.1570824276316,10,1,"273G3"
"723","31","3","G3","1","B",59.9549067631579,"ddPCR",1.78500867130618,59.9549067631579,60,1,"311G3"
"83","30","3","G3","1","A",241.884357039474,"ddPCR",2.38539954498131,241.884357039474,242,1,"301G3"
"84","31","3","G3","2","A",12.7511369539474,"ddPCR",1.13833860743262,12.7511369539474,13,1,"312G3"
"95","30","3","G3","1","B",338.894618157895,"ddPCR",2.53134428808164,338.894618157895,339,1,"301G3"
"96","31","3","G3","2","B",200.735217631579,"ddPCR",2.30478172115747,200.735217631579,201,1,"312G3"
"119","30","7","G3","1","A",22.0152798421053,"ddPCR",1.36201625983583,22.0152798421053,22,1,"301G3"
"120","31","7","G3","1","B",1496.25105592105,"ddPCR",3.17529462803811,1496.25105592105,1496,1,"311G3"
"131","30","7","G3","1","B",484.986957763158,"ddPCR",2.68662461443206,484.986957763158,485,1,"301G3"
"132","31","7","G3","1","C",989.646209210526,"ddPCR",2.99591858201216,989.646209210526,990,1,"311G3"
"143","30","7","G3","2","C",1111.62286052632,"ddPCR",3.04634797893614,1111.62286052632,1112,1,"302G3"
"144","31","7","G3","2","A",57.4982856447368,"ddPCR",1.76714313880115,57.4982856447368,57,1,"312G3"
"155","30","7","G3","2","D",585.62504618421,"ddPCR",2.76836060141198,585.625046184211,586,1,"302G3"
"156","31","7","G3","3","A",230.571069210526,"ddPCR",2.36468430087988,230.571069210526,231,1,"313G3"
"167","30","7","G3","3","B",1778.84694144737,"ddPCR",3.25038265661064,1778.84694144737,1779,1,"303G3"
"168","31","7","G3","3","B",316.176188618421,"ddPCR",2.50130057606112,316.176188618421,316,1,"313G3"
"179","30","7","G3","3","C",63.3842443157895,"ddPCR",1.80877960270327,63.3842443157895,63,1,"303G3"
"180","27","14","G3","1","A",0,"ddPCR",0,0,0,0,"271G3"
"1911","31","7","G3","1","A",119.293990855263,"ddPCR",2.08024393321198,119.293990855263,119,1,"311G3"
"195","27","14","G3","3","A",185.174804013158,"ddPCR",2.26992090533239,185.174804013158,185,1,"273G3"
"196","31","14","G3","1","A",205.222430986842,"ddPCR",2.31433590209195,205.222430986842,205,1,"311G3"
"203","27","14","G3","3","C",315.579037894737,"ddPCR",2.5004821549103,315.579037894737,316,1,"273G3"
"2111","30","14","G3","1","A",111.528409144737,"ddPCR",2.05126217913391,111.528409144737,112,1,"301G3"
"2121","31","14","G3","1","C",113.267497039474,"ddPCR",2.0579227145264,113.267497039474,113,1,"311G3"
"219","30","14","G3","2","A",79.9110939473684,"ddPCR",1.90800807303133,79.9110939473684,80,1,"302G3"
"220","31","14","G3","1","D",29.0620389736842,"ddPCR",1.47801843350268,29.0620389736842,29,1,"311G3"
"227","30","14","G3","2","B",188.467201447368,"ddPCR",2.27753404035551,188.467201447368,188,1,"302G3"
"228","31","14","G3","1","E",63.1634310657895,"ddPCR",1.80728757929572,63.1634310657895,63,1,"311G3"
"235","30","14","G3","2","D",267.120060197368,"ddPCR",2.42832930822796,267.120060197369,267,1,"302G3"
"2421","27","14","G3","2","A",159.712490263158,"ddPCR",2.20604963060014,159.712490263158,160,1,"272G3"
"243","30","14","G3","3","A",207.274324013158,"ddPCR",2.31863573357369,207.274324013158,207,1,"303G3"
"250","27","14","G3","2","B",1629.11003486842,"ddPCR",3.2122169209213,1629.11003486842,1629,1,"272G3"
"2511","30","14","G3","3","B",1163.78252105263,"ddPCR",3.06624484491252,1163.78252105263,1164,1,"303G3"
"4112","31","14","G3","1","B",25.2907574144737,"ddPCR",1.41980309794311,25.2907574144737,25,1,"311G3"
"657","31","14","G3","1","E",102.667350526316,"ddPCR",2.01564199921546,102.667350526316,103,1,"311G3"
"2123","27","7","G3","2","E",483.212119671053,"ddPCR",2.68503565549065,483.212119671053,483,1,"272G3"
"3100","27","14","G3","1","D",1144.77709736842,"ddPCR",3.05910013700425,1144.77709736842,1145,1,"271G3"
"468","27","14","G3","2","C",1994.04726513158,"ddPCR",3.29995318911684,1994.04726513158,1994,1,"272G3"
"1422","27","7","G3","3","D",282.837541447368,"ddPCR",2.4530698363828,282.837541447368,283,1,"273G3"
"1523","27","7","G3","1","D",640.552570921053,"ddPCR",2.80723224968283,640.552570921053,641,1,"271G3"
"1622","31","7","G3","3","D",492.927651644737,"ddPCR",2.6936633400319,492.927651644737,493,1,"313G3"
"2622","27","7","G3","2","A",1228.68939473684,"ddPCR",3.08979542754773,1228.68939473684,1229,1,"272G3"
"2721","31","3","G3","3","C",205.376512105263,"ddPCR",2.31466026832568,205.376512105263,205,1,"313G3"
"670","27","3","G3","3","C",3.40681287803148,"ddPCR",0.644124609900955,3.40681287803148,3,1,"273G3"
"770","27","7","G3","2","D",768.748634739928,"ddPCR",2.8863489272921,768.748634739928,769,1,"272G3"
"1823","27","3","G3","1","B",0,"ddPCR",0,0,0,0,"271G3"
"1924","30","7","G3","1","C",0,"ddPCR",0,0,0,0,"301G3"
"3023","30","3","G3","2","D",804.140341909309,"ddPCR",2.90587158770264,804.140341909309,804,1,"302G3"
"3123","27","14","G3","2","D",493.676587154991,"ddPCR",2.69432135586648,493.676587154991,494,1,"272G3"
"4215","31","3","G3","2","C",0.726243284972092,"ddPCR",0.237102002199149,0.726243284972092,1,1,"312G3"
"4314","30","14","G3","3","S",203.367961080451,"ddPCR",2.31041281212516,203.367961080451,203,1,"303G3"
"5513","31","14","G3","1","D",140.603454489457,"ddPCR",2.15107384832133,140.603454489457,141,1,"311G3"
"6611","31","3","G3","1","E",26.4668370548047,"ddPCR",1.43880865109391,26.4668370548047,26,1,"311G3"
"6713","30","7","G3","1","D",1713.07192350689,"ddPCR",3.23402904123176,1713.07192350689,1713,1,"301G3"
"7813","27","7","G3","1","C",387.397364566201,"ddPCR",2.58927627438159,387.397364566201,387,1,"271G3"
"7913","27","14","G3","1","C",1060.25786148874,"ddPCR",3.02582092039079,1060.25786148874,1060,1,"271G3"
"9013","30","7","G3","3","E",955.021205701329,"ddPCR",2.98046752555741,955.021205701329,955,1,"303G3"
"3102","27","14","G3","2","D",609.125087135717,"ddPCR",2.78541888268885,609.125087135716,609,1,"272G3"
"1525","30","14","G3","3","D",264.131445633737,"ddPCR",2.42346123982405,264.131445633737,264,1,"303G3"
"2723","31","14","G3","1","D",145.323339261507,"ddPCR",2.16531360366504,145.323339261507,145,1,"311G3"
"6014","30","3","G3","2","D",1020.37058378521,"ddPCR",3.00918334570306,1020.37058378521,1020,1,"302G3"
"7014","31","3","G3","2","C",23.8481399260069,"ddPCR",1.39529388401075,23.8481399260069,24,1,"312G3"
"822","27","3","G3","1","A",50,"scope",1.60511596553206,39.2824582389637,39,1,"271G3"
"832","27","3","G3","1","B",9,"scope",0.94,7.7096358995608,8,1,"271G3"
"842","27","3","G3","1","C",2,"scope",0.448493979436483,1.80862643690349,2,1,"271G3"
"85","27","3","G3","2","A",122,"scope",1.96451080475303,91.1532815138671,91,1,"272G3"
"86","27","3","G3","2","B",15,"scope",1.13187278369657,12.5479249978004,13,1,"272G3"
"87","27","3","G3","2","C",11,"scope",1.01443037128477,9.33785344982856,9,1,"272G3"
"88","27","3","G3","3","A",23,"scope",1.29739856720891,18.8334637705269,19,1,"273G3"
"89","27","3","G3","3","B",15,"scope",1.13187278369657,12.5479249978004,13,1,"273G3"
"90","27","3","G3","3","C",196,"scope",2.1567982525919,142.482274513153,142,1,"273G3"
"91","30","3","G3","1","A",83,"scope",1.80882252889817,63.390608447334,63,1,"301G3"
"92","30","3","G3","1","B",134,"scope",2.00251374238531,99.580488919392,100,1,"301G3"
"931","30","3","G3","1","C",2,"scope",0.448493979436483,1.80862643690349,2,1,"301G3"
"941","30","3","G3","2","A",6,"scope",0.794392157613401,5.22862461340094,5,1,"302G3"
"951","30","3","G3","2","B",13,"scope",1.07736035353754,10.9497922087634,11,1,"302G3"
"961","30","3","G3","2","C",6,"scope",0.794392157613401,5.22862461340094,5,1,"302G3"
"97","30","3","G3","3","A",3,"scope",0.565936391848285,2.6807506024995,3,1,"303G3"
"98","30","3","G3","3","B",38,"scope",1.49560073060491,30.304064563119,30,1,"303G3"
"99","30","3","G3","3","C",0,"scope",0,0,0,0,"303G3"
"100","31","3","G3","1","A",18,"scope",1.20202838489566,14.923127950452,15,1,"311G3"
"101","31","3","G3","1","B",14,"scope",1.10552578351234,11.7504579554777,12,1,"311G3"
"102","31","3","G3","1","C",7,"scope",0.848904587772427,6.06162397032524,6,1,"311G3"
"103","31","3","G3","2","A",14,"scope",1.10552578351234,11.7504579554777,12,1,"312G3"
"104","31","3","G3","2","B",4,"scope",0.657031804075858,3.5397486073424,4,1,"312G3"
"105","31","3","G3","2","C",11,"scope",1.01443037128477,9.33785344982856,9,1,"312G3"
"106","31","3","G3","3","A",55,"scope",1.64329674538583,42.9842048721498,43,1,"313G3"
"107","31","3","G3","3","B",0,"scope",0,0,0,0,"313G3"
"108","31","3","G3","3","C",16,"scope",1.15662198609558,13.3424051378563,13,1,"313G3"
"281","27","7","G3","1","A",90.74074074,"hemo",1.84480850787794,68.9533484856945,69,1,"271G3"
"291","27","7","G3","1","B",168.5185185,"hemo",2.09546411932762,123.584530339598,124,1,"271G3"
"3011","27","7","G3","1","C",77.77777778,"hemo",1.78261950221063,59.6204983373065,60,1,"271G3"
"3111","27","7","G3","2","A",414.8148148,"hemo",2.46176596096306,288.578264494465,289,1,"272G3"
"3211","27","7","G3","2","B",51.85185185,"hemo",1.61967659640402,40.6559071276609,41,1,"272G3"
"3312","27","7","G3","2","C",116.6666667,"hemo",1.94641424374372,87.3922611655715,87,1,"272G3"
"3411","27","7","G3","3","A",38.88888889,"hemo",1.50480082280203,30.9742836095641,31,1,"273G3"
"3511","27","7","G3","3","B",103.7037037,"hemo",1.89876432165626,78.2071380897239,78,1,"273G3"
"361","27","7","G3","3","C",233.3333333,"hemo",2.22764402602408,167.905591190346,168,1,"273G3"
"761","30","7","G3","1","A",700,"hemo",2.67497493688866,472.123954215497,472,1,"301G3"
"771","30","7","G3","1","B",194.4444444,"hemo",2.15356193012421,141.417031797251,141,1,"301G3"
"781","30","7","G3","1","C",557.4074074,"hemo",2.58213410042737,381.062224902377,381,1,"301G3"
"791","30","7","G3","2","A",479.6296296,"hemo",2.52090190802168,330.819502633971,331,1,"302G3"
"801","30","7","G3","2","B",505.5555556,"hemo",2.5423494578327,347.617719684158,348,1,"302G3"
"811","30","7","G3","2","C",622.2222222,"hemo",2.62696435472142,422.608196434738,423,1,"302G3"
"821","30","7","G3","3","A",401.8518519,"hemo",2.44883664256011,280.084334852699,280,1,"303G3"
"831","30","7","G3","3","B",259.2592593,"hemo",2.27048181807944,185.415413302451,185,1,"303G3"
"841","30","7","G3","3","C",77.77777778,"hemo",1.78261950221063,59.6204983373065,60,1,"303G3"
"1241","31","7","G3","1","A",0,"hemo",0,0,0,0,"311G3"
"1251","31","7","G3","1","B",12.96296296,"hemo",1.07627893079737,10.9200734312452,11,1,"311G3"
"1261","31","7","G3","1","C",272.2222222,"hemo",2.29032505810823,194.130455395669,194,1,"311G3"
"1271","31","7","G3","2","A",272.2222222,"hemo",2.29032505810823,194.130455395669,194,1,"312G3"
"1281","31","7","G3","2","B",427.7777778,"hemo",2.47429833300531,297.056318587517,297,1,"312G3"
"1291","31","7","G3","2","C",246.2962963,"hemo",2.24962455535614,176.67427638156,177,1,"312G3"
"1301","31","7","G3","3","A",38.88888889,"hemo",1.50480082280203,30.9742836095641,31,1,"313G3"
"1311","31","7","G3","3","B",51.85185185,"hemo",1.61967659640402,40.6559071276609,41,1,"313G3"
"1321","31","7","G3","3","C",427.7777778,"hemo",2.47429833300531,297.056318587517,297,1,"313G3"
"282","27","14","G3","1","A",544.4444444,"hemo",2.57254549126765,372.719269496648,373,1,"271G3"
"2921","27","14","G3","1","B",58.33333333,"hemo",1.66690082271094,45.440920869935,45,1,"271G3"
"3021","27","14","G3","1","C",0,"hemo",0,0,0,0,"271G3"
"3131","27","14","G3","2","A",790.7407407,"hemo",2.72466801347537,529.478776781091,529,1,"272G3"
"3221","27","14","G3","2","B",725.9259259,"hemo",2.68980074880009,488.554163890735,489,1,"272G3"
"3321","27","14","G3","2","C",648.1481481,"hemo",2.64360319312236,439.152520468127,439,1,"272G3"
"342","27","14","G3","3","A",298.1481481,"hemo",2.32733313953329,211.487378970449,211,1,"273G3"
"352","27","14","G3","3","B",220.3703704,"hemo",2.20441232222885,159.107738136016,159,1,"273G3"
"362","27","14","G3","3","C",1140.740741,"hemo",2.87411344846017,747.364966418474,747,1,"273G3"
"702","30","14","G3","1","A",272.2222222,"hemo",2.29032505810823,194.130455395669,194,1,"301G3"
"713","30","14","G3","1","B",1166.666667,"hemo",2.88327974975869,763.327965084657,763,1,"301G3"
"722","30","14","G3","1","C",155.5555556,"hemo",2.06298837476572,114.608129568841,115,1,"301G3"
"732","30","14","G3","2","A",596.2962963,"hemo",2.60961843248543,406.022514072229,406,1,"302G3"
"742","30","14","G3","2","B",751.8518519,"hemo",2.70410695165461,504.949244397482,505,1,"302G3"
"752","30","14","G3","2","C",803.7037037,"hemo",2.73129784018757,537.639055821845,538,1,"302G3"
"762","30","14","G3","3","A",51.85185185,"hemo",1.61967659640402,40.6559071276609,41,1,"303G3"
"772","30","14","G3","3","B",142.5925926,"hemo",2.02770411465839,105.58696955231,106,1,"303G3"
"782","30","14","G3","3","C",142.5925926,"hemo",2.02770411465839,105.58696955231,106,1,"303G3"
"1032","31","14","G3","1","A",1555.555556,"hemo",3.00063474841343,1000.46263083719,1000,1,"311G3"
"1042","31","14","G3","1","B",388.8888889,"hemo",2.43548440726115,271.573987327566,272,1,"311G3"
"1052","31","14","G3","1","C",311.1111111,"hemo",2.34465067596198,220.131532630622,220,1,"311G3"
